{
  "project_info": {
    "project_number": "517267552263",
    "firebase_url": "https://final-project-67ccc-default-rtdb.firebaseio.com/",
    "project_id": "cmsc436-4a844",
    "storage_bucket": "cmsc436-4a844.appspot.com"
  },
  "client": [
    {
      "client_info": {
        "mobilesdk_app_id": "1:517267552263:android:0b841a2a61229176c492a2",
        "android_client_info": {
          "package_name": "com.example.finalproj"
        }
      },
      "oauth_client": [],
      "api_key": [
        {
          "current_key": "AIzaSyAP6JygXBZHWhc4rFpkIAp2rixsvOcmj94"
        }
      ],
      "services": {
        "appinvite_service": {
          "other_platform_oauth_client": []
        }
      }
    }
  ],
  "configuration_version": "1"
}